CLIENT: RetailBrand | PERIOD: Q1 2024 | CURRENCY: INR

=== PAID SOCIAL ===
Platform,Campaign,Date,Spend (INR),Impressions,Reach,Clicks,CTR,CPC,CPM,Conversions,CVR,CPA,Revenue,ROAS
Facebook,Awareness Drive,2024-01-01,680000.00,6375000,4100000,127500,2.00,5.33,106.67,2720,2.13,250.00,6800000.00,10.00
Facebook,Awareness Drive,2024-01-02,663000.00,6120000,3960000,122000,1.99,5.43,108.33,2550,2.09,260.00,6500000.00,9.80
Instagram,Story Ads,2024-01-01,272000.00,2635000,1700000,66300,2.52,4.10,103.22,1232,1.86,220.78,3000000.00,11.03
Instagram,Story Ads,2024-01-02,259250.00,2507000,1615000,63000,2.51,4.12,103.41,1122,1.78,231.06,2800000.00,10.80
TikTok,Creator UGC,2024-01-01,467500.00,7650000,5100000,153000,2.00,3.06,61.11,2380,1.56,196.43,5400000.00,11.55
TikTok,Creator UGC,2024-01-02,442000.00,7310000,4900000,146200,2.00,3.02,60.47,2252,1.54,196.27,5100000.00,11.54
SOCIAL SUBTOTAL,,2024-01-01,1419500.00,16660000,10900000,346800,,,,6332,,,15200000.00,10.71
SOCIAL SUBTOTAL,,2024-01-02,1364250.00,15937000,10475000,331200,,,,5924,,,14400000.00,10.56

=== PAID SEARCH ===
Platform,Campaign,Date,Search Spend,Impressions,Clicks,CTR,Avg CPC,CPM,Conversions,CVR,CPA,Revenue,ROAS
Google Ads,Brand Term,2024-01-01,212500.00,722500,35700,4.94,5.95,294.12,1530,4.29,138.89,3800000.00,17.88
Google Ads,Brand Term,2024-01-02,233750.00,782000,38750,4.96,6.03,299.04,1657,4.28,141.07,4200000.00,17.97
Google Ads,Non-Brand,2024-01-01,348500.00,1657500,57800,3.49,6.03,210.25,1207,2.09,288.73,2900000.00,8.32
Google Ads,Non-Brand,2024-01-02,369750.00,1768000,61250,3.47,6.04,209.13,1283,2.09,288.19,3100000.00,8.38
SEARCH SUBTOTAL,,2024-01-01,561000.00,2380000,93500,,,,2737,,,6700000.00,11.94
SEARCH SUBTOTAL,,2024-01-02,603500.00,2550000,100000,,,,2940,,,7300000.00,12.10

=== DISPLAY / PROGRAMMATIC ===
Platform,Campaign,Date,Display Budget,Impressions,Reach,Clicks,CTR,CPC,CPM,Conversions,CVR,CPA,Revenue,ROAS
DV360,Prospecting,2024-01-01,255000.00,4250000,2800000,21250,0.50,12.00,60.00,297,1.40,858.59,1100000.00,4.31
DV360,Prospecting,2024-01-02,246500.00,4080000,2690000,20400,0.50,12.08,60.42,285,1.40,865.26,1050000.00,4.26
DISPLAY SUBTOTAL,,2024-01-01,255000.00,4250000,2800000,21250,,,,297,,,1100000.00,4.31
DISPLAY SUBTOTAL,,2024-01-02,246500.00,4080000,2690000,20400,,,,285,,,1050000.00,4.26

GRAND TOTAL,,2024-01-01,2235500.00,23290000,,,,,,,9366,,,23000000.00,10.29
GRAND TOTAL,,2024-01-02,2214250.00,22567000,,,,,,,9149,,,22750000.00,10.27
